{"cameraMode":{"drawMode":0,"name":"Shaded","section":"Shading Mode"},"sceneLighting":false,"audioPlay":false,"sceneViewState":{"showFog":true,"showMaterialUpdate":false,"showSkybox":true,"showFlares":true,"showImageEffects":true,"showParticleSystems":true},"in2DMode":false,"pivot":{"x":4134.87451171875,"y":850.1578369140625,"z":2.6407470703125},"rotation":{"x":0.0033069713972508909,"y":-0.03899447247385979,"z":0.00012914238322991878,"w":0.9992339611053467},"size":733.8970947265625,"orthographic":false}